[
  {
    "id": 10259,
    "cuisine": "greek",
    "ingredients": [
      "romaine lettuce",
      "black olives",
      "grape tomatoes",
      "garlic",
      "pepper",
      "purple onion",
      "seasoning",
      "garbanzo beans",
      "feta cheese crumbles"
    ]
  },
  {
    "id": 25693,
    "cuisine": "southern_us",
    "ingredients": [
      "plain flour",
      "ground pepper",
      "salt",
      "tomatoes",
      "ground black pepper",
      "thyme",
      "eggs",
      "green tomatoes",
      "yellow corn meal",
      "milk",
      "vegetable oil"
    ]
  },
  {
    "id": 20130,
    "cuisine": "filipino",
    "ingredients": [
      "eggs",
      "pepper",
      "salt",
      "mayonaise",
      "cooking oil",
      "green chilies",
      "grilled chicken breasts",
      "garlic powder",
      "yellow onion",
      "soy sauce",
      "butter",
      "chicken livers"
    ]
  },
  {
    "id": 22213,
    "cuisine": "indian",
    "ingredients": [
      "water",
      "vegetable oil",
      "wheat",
      "salt"
    ]
  },
  {
    "id": 13162,
    "cuisine": "indian",
    "ingredients": [
      "black pepper",
      "shallots",
      "cornflour",
      "cayenne pepper",
      "onions",
      "garlic paste",
      "milk",
      "butter",
      "salt",
      "lemon juice",
      "water",
      "chili powder",
      "passata",
      "oil",
      "ground cumin",
      "boneless chicken skinless thigh",
      "garam masala",
      "double cream",
      "natural yogurt",
      "bay leaf"
    ]
  },
  {
    "id": 6602,
    "cuisine": "jamaican",
    "ingredients": [
      "plain flour",
      "sugar",
      "butter",
      "eggs",
      "fresh ginger root",
      "salt",
      "ground cinnamon",
      "milk",
      "vanilla extract",
      "ground ginger",
      "powdered sugar",
      "baking powder"
    ]
  },
  {
    "id": 42779,
    "cuisine": "spanish",
    "ingredients": [
      "olive oil",
      "salt",
      "medium shrimp",
      "pepper",
      "garlic",
      "chopped cilantro",
      "jalapeno chilies",
      "flat leaf parsley",
      "skirt steak",
      "white vinegar",
      "sea salt",
      "bay leaf",
      "chorizo sausage"
    ]
  },
  {
    "id": 3735,
    "cuisine": "italian",
    "ingredients": [
      "sugar",
      "pistachio nuts",
      "white almond bark",
      "flour",
      "vanilla extract",
      "olive oil",
      "almond extract",
      "eggs",
      "baking powder",
      "dried cranberries"
    ]
  },
  {
    "id": 16903,
    "cuisine": "mexican",
    "ingredients": [
      "olive oil",
      "purple onion",
      "fresh pineapple",
      "pork",
      "poblano peppers",
      "corn tortillas",
      "cheddar cheese",
      "ground black pepper",
      "salt",
      "iceberg lettuce",
      "lime",
      "jalapeno chilies",
      "chopped cilantro fresh"
    ]
  },
  {
    "id": 12734,
    "cuisine": "italian",
    "ingredients": [
      "chopped tomatoes",
      "fresh basil",
      "garlic",
      "extra-virgin olive oil",
      "kosher salt",
      "flat leaf parsley"
    ]
  },
  {
    "id": 5875,
    "cuisine": "italian",
    "ingredients": [
      "pimentos",
      "sweet pepper",
      "dried oregano",
      "olive oil",
      "garlic",
      "sharp cheddar cheese",
      "pepper",
      "swiss cheese",
      "provolone cheese",
      "canola oil",
      "mushrooms",
      "black olives",
      "sausages"
    ]
  },
  {
    "id": 45887,
    "cuisine": "chinese",
    "ingredients": [
      "low sodium soy sauce",
      "fresh ginger",
      "dry mustard",
      "green beans",
      "white pepper",
      "sesame oil",
      "scallions",
      "canola oil",
      "sugar",
      "Shaoxing wine",
      "garlic",
      "ground turkey",
      "water",
      "crushed red pepper flakes",
      "corn starch"
    ]
  },
  {
    "id": 2698,
    "cuisine": "italian",
    "ingredients": [
      "Italian parsley leaves",
      "walnuts",
      "hot red pepper flakes",
      "extra-virgin olive oil",
      "fresh lemon juice",
      "trout fillet",
      "garlic cloves",
      "chipotle chile",
      "fine sea salt",
      "flat leaf parsley"
    ]
  },
  {
    "id": 41995,
    "cuisine": "mexican",
    "ingredients": [
      "ground cinnamon",
      "fresh cilantro",
      "chili powder",
      "ground coriander",
      "kosher salt",
      "ground black pepper",
      "garlic",
      "plum tomatoes",
      "avocado",
      "lime juice",
      "flank steak",
      "salt",
      "ground cumin",
      "black pepper",
      "olive oil",
      "crushed red pepper flakes",
      "onions"
    ]
  }
]